video_id,speech_duration
AAHiZ-c88ec,492.8175
AEsRr-ZnzNc,135.860625
AJpzk-aFZPU,45.88312499999999
AONXX-h9SdI,65.54250000000005
AOZIY-AwsjM,2.345625000000002
APerX-RLJxo,37.260000000000005
AQbNb-vtBn8,120.08249999999997
AQfXU-TJ8hA,14.040000000000006
AQfXU-wGovo,4.083750000000001
AQzlW-z_mgA,617.5068750000002
